ID,Answer
TEST_000,1
TEST_001,2
TEST_002,1
TEST_003,3
TEST_004,"트로이 목마 기반 원격제어 악성코드(RAT)는 사용자가 정상적인 프로그램으로 착각하여 실행하도록 유도하는 악성 소프트웨어입니다. 주요 특징은 다음과 같습니다:

1. **은밀한 설치**: 사용자가 자발적으로 설치하게 만드는 사회공학적 기법 활용
2. **원격 제어 기능**: 공격자가 감염된 시스템을 원격으로 제어할 수 있는 백도어 기능 제공
3. **다양한 악성 행위 수행**: 파일 삭제, 정보 탈취, 추가 악성코드 설치 등 가능

주요 탐지 지표는:
- 의심스러운 프로세스 및 네트워크 연결 활동
- 비정상적인 레지스트리 변경
- 시스템 권한 상승 시도
- 숨겨진 통신 채널(포트"
TEST_005,4
TEST_006,2
TEST_007,전자금융거래법 제27조 제2항에 따르면 이용자는 전자금융거래의 처리에 관하여 이의가 있을 때 금융감독원 또는 한국소비자원 등을 통해 분쟁조정을 신청할 수 있습니다.
TEST_008,5
TEST_009,3
TEST_010,1
TEST_011,4
TEST_012,3
TEST_013,4
TEST_014,5
TEST_015,4
TEST_016,5
TEST_017,4
TEST_018,1
TEST_019,1
TEST_020,4
TEST_021,1
TEST_022,3
TEST_023,5
TEST_024,2
TEST_025,3
TEST_026,3
TEST_027,4
TEST_028,1
TEST_029,2
TEST_030,3
TEST_031,2
TEST_032,1
TEST_033,1
TEST_034,1
TEST_035,2
TEST_036,5
TEST_037,4
TEST_038,5
TEST_039,4
TEST_040,1
TEST_041,5
TEST_042,3
TEST_043,4
TEST_044,4
TEST_045,1
TEST_046,3
TEST_047,1
TEST_048,1
TEST_049,4
TEST_050,1
TEST_051,3
TEST_052,3
TEST_053,2
TEST_054,4
TEST_055,4
TEST_056,1
TEST_057,5
TEST_058,3
TEST_059,2
TEST_060,2
TEST_061,4
TEST_062,4
TEST_063,5
TEST_064,1
TEST_065,1
TEST_066,1
TEST_067,1
TEST_068,4
TEST_069,3
TEST_070,4
TEST_071,4
TEST_072,3
TEST_073,1
TEST_074,2
TEST_075,2
TEST_076,3
TEST_077,4
TEST_078,1
TEST_079,4
TEST_080,5
TEST_081,2
TEST_082,"금융권에서는 딥페이크 기술 악용에 대비하여 다음과 같은 대응 방안을 마련하고 있습니다:

1. **AI 기반 탐지 시스템 구축**: 딥페이크 영상이나 음성을 식별할 수 있는 AI 알고리즘을 개발하여 의심스러운 거래나 인증 시도를 실시간으로 탐지합니다.

2. **다중 인증 체계 강화**: 기존의 비밀번호, OTP 외에도 생체정보, 행동패턴 분석 등 다양한 인증 요소를 결합한 다중 인증 시스템을 도입합니다.

3. **이상거래 탐지 시스템 고도화**: 딥페이크로 인한 비정상적인 금융거래 패턴을 감지할 수 있도록 머신러닝 기반의 이상거래 탐지 모델을 개선합니다.

4. **직원 및 고객 교육"
TEST_083,3
TEST_084,2
TEST_085,1
TEST_086,3
TEST_087,5
TEST_088,3
TEST_089,1
TEST_090,3
TEST_091,3
TEST_092,3
TEST_093,3
TEST_094,5
TEST_095,5
TEST_096,2
TEST_097,3
TEST_098,3
TEST_099,5
TEST_100,1
TEST_101,미응답
TEST_102,개인정보 접근 권한 검토는 개인정보처리자가 개인정보 처리 업무를 수행하는 직원들에게 적절한 접근 권한을 부여하고 정기적으로 검토하는 과정입니다. 이는 불필요한 개인정보 접근을 제한하여 개인정보 침해 위험을 최소화하고 법적 의무를 준수하기 위한 목적으로 수행됩니다. 개인정보 보호책임자가 이러한 접근 권한 관리와 정기적인 검토 업무를 총괄하는 역할을 담당합니다.
TEST_103,1
TEST_104,1
TEST_105,4
TEST_106,2
TEST_107,2
TEST_108,2
TEST_109,1
TEST_110,1
TEST_111,1
TEST_112,4
TEST_113,3
TEST_114,1
TEST_115,1
TEST_116,1
TEST_117,5
TEST_118,5
TEST_119,2
TEST_120,2
TEST_121,3
TEST_122,3
TEST_123,5
TEST_124,3
TEST_125,4
TEST_126,"정보보호의 3대 핵심 보안 목표는 기밀성(Confidentiality), 무결성(Integrity), 가용성(Availability)입니다. 이는 정보 보안 분야에서 가장 기본적인 원칙으로, 각각 정보가 허가된 사용자에게만 접근되어야 함, 정보가 변조되지 않고 정확해야 함, 그리고 필요할 때 언제든지 접근 가능해야 함을 의미합니다."
TEST_127,5
TEST_128,2
TEST_129,1
TEST_130,3
TEST_131,제공된 문서에서는 전자금융감독규정상 정보기술부문 인력 및 예산의 구체적인 기준 비율에 대한 명확한 수치가 명시되어 있지 않습니다. 다만 문서 내용에 따르면 정보보호최고책임자가 정보기술부문의 보안에 필요한 인력관리 및 예산편성 업무를 수행한다는 점은 확인할 수 있습니다. 금융회사는 전자금융거래의 안정성 확보를 위해 정보기술부문에 대한 계획을 매년 수립하여 금융위원회에 제출해야 하는 의무가 있습니다.
TEST_132,1
TEST_133,2
TEST_134,1
TEST_135,2
TEST_136,3
TEST_137,4
TEST_138,1
TEST_139,1
TEST_140,1
TEST_141,1
TEST_142,3
TEST_143,2
TEST_144,3
TEST_145,5
TEST_146,3
TEST_147,1
TEST_148,4
TEST_149,3
TEST_150,3
TEST_151,4
TEST_152,4
TEST_153,2
TEST_154,3
TEST_155,4
TEST_156,3
TEST_157,2
TEST_158,3
TEST_159,2
TEST_160,3
TEST_161,1
TEST_162,1
TEST_163,1
TEST_164,2
TEST_165,2
TEST_166,2
TEST_167,미응답
TEST_168,3
TEST_169,2
TEST_170,2
TEST_171,3
TEST_172,4
TEST_173,3
TEST_174,3
TEST_175,3
TEST_176,2
TEST_177,3
TEST_178,2
TEST_179,4
TEST_180,1
TEST_181,3
TEST_182,"SMTP(Simple Mail Transfer Protocol)는 이메일 전송을 위한 핵심 프로토콜로서, 다음과 같은 보안상 중요한 역할을 수행합니다:

1. **이메일 전송 경로 관리**: 발신자에서 수신자까지 이메일이 안전하게 전달될 수 있도록 중간 서버 간의 경로를 관리합니다.

2. **인증 메커니즘 제공**: SMTP는 STARTTLS와 같은 암호화 프로토콜을 통해 이메일 전송 과정에서 인증 기능을 제공하여 중간에서의 데이터 탈취를 방지합니다.

3. **스팸 및 피싱 방지**: 이메일 전송 과정에서 인증된 경로를 통해 스팸이나 피싱 메일의 확산을 제한하는 역할을 합니다.

4. **데이터 무결성 보장**: 전송 과정"
TEST_183,3
TEST_184,5
TEST_185,1
TEST_186,4
TEST_187,4
TEST_188,2
TEST_189,3
TEST_190,1
TEST_191,4
TEST_192,4
TEST_193,4
TEST_194,5
TEST_195,3
TEST_196,2
TEST_197,4
TEST_198,2
TEST_199,미응답
TEST_200,3
TEST_201,4
TEST_202,1
TEST_203,4
TEST_204,2
TEST_205,"전자금융거래법 제13조 제1항 제1호에 따르면, 전자자금이체의 지급 효력은 거래지시된 금액의 정보가 수취인의 계좌가 개설되어 있는 금융회사 또는 전자금융업자의 계좌 원장에 입금기록이 끝난 때에 발생합니다. 또한 제13조 제2항에 따라 총자산 등을 감안하여 대통령령으로 정하는 금융회사 또는 전자금융업자는 이용자가 원하는 경우 거래지시 시점부터 일정 시간이 경과한 후에 지급 효력이 발생하도록 해야 합니다. 이용자는 제14조 제1항에 따라 지급 효력 발생 전까지 거래지시를 철회할 수 있습니다."
TEST_206,5
TEST_207,2
TEST_208,미응답
TEST_209,1
TEST_210,3
TEST_211,4
TEST_212,1
TEST_213,1
TEST_214,5
TEST_215,2
TEST_216,3
TEST_217,3
TEST_218,2
TEST_219,3
TEST_220,4
TEST_221,3
TEST_222,2
TEST_223,4
TEST_224,2
TEST_225,2
TEST_226,1
TEST_227,3
TEST_228,5
TEST_229,5
TEST_230,1
TEST_231,2
TEST_232,3
TEST_233,5
TEST_234,2
TEST_235,4
TEST_236,4
TEST_237,4
TEST_238,3
TEST_239,4
TEST_240,3
TEST_241,2
TEST_242,2
TEST_243,2
TEST_244,5
TEST_245,"DNSSEC(Domain Name System Security Extensions)는 도메인 네임 시스템의 보안 확장 기술로, 다음과 같은 주요 기능을 제공합니다:

1. **데이터 무결성 보장**: DNS 응답 데이터가 전송 중에 변조되지 않았음을 검증합니다
2. **도메인 인증**: DNS 정보를 제공하는 서버가 실제 해당 도메인의 권한 있는 서버임을 확인합니다
3. **디지털 서명**: 각 DNS 레코드에 디지털 서명을 추가하여 신뢰성을 확보합니다

DNSSEC를 통해 해결할 수 있는 주요 보안 위협은:
- DNS 스푸핑(Spoofing): 공격자가 위조된 DNS 응답을 보내는 공격
- DNS 캐시 포이즈"
TEST_246,2
TEST_247,2
TEST_248,3
TEST_249,5
TEST_250,5
TEST_251,3
TEST_252,1
TEST_253,2
TEST_254,3
TEST_255,1
TEST_256,4
TEST_257,4
TEST_258,4
TEST_259,2
TEST_260,3
TEST_261,1
TEST_262,3
TEST_263,미응답
TEST_264,1
TEST_265,4
TEST_266,2
TEST_267,5
TEST_268,1
TEST_269,1
TEST_270,2
TEST_271,2
TEST_272,4
TEST_273,5
TEST_274,1
TEST_275,4
TEST_276,4
TEST_277,3
TEST_278,4
TEST_279,2
TEST_280,5
TEST_281,4
TEST_282,1
TEST_283,1
TEST_284,3
TEST_285,5
TEST_286,4
TEST_287,1
TEST_288,3
TEST_289,3
TEST_290,2
TEST_291,1
TEST_292,2
TEST_293,3
TEST_294,3
TEST_295,3
TEST_296,2
TEST_297,2
TEST_298,3
TEST_299,4
TEST_300,3
TEST_301,3
TEST_302,1
TEST_303,4
TEST_304,1
TEST_305,5
TEST_306,2
TEST_307,1
TEST_308,1
TEST_309,3
TEST_310,1
TEST_311,1
TEST_312,4
TEST_313,4
TEST_314,3
TEST_315,2
TEST_316,3
TEST_317,2
TEST_318,1
TEST_319,1
TEST_320,1
TEST_321,3
TEST_322,2
TEST_323,1
TEST_324,4
TEST_325,5
TEST_326,1
TEST_327,3
TEST_328,4
TEST_329,4
TEST_330,1
TEST_331,4
TEST_332,2
TEST_333,1
TEST_334,4
TEST_335,4
TEST_336,4
TEST_337,1
TEST_338,4
TEST_339,3
TEST_340,4
TEST_341,1
TEST_342,4
TEST_343,2
TEST_344,3
TEST_345,3
TEST_346,5
TEST_347,4
TEST_348,1
TEST_349,2
TEST_350,1
TEST_351,2
TEST_352,4
TEST_353,1
TEST_354,4
TEST_355,5
TEST_356,1
TEST_357,3
TEST_358,1
TEST_359,1
TEST_360,1
TEST_361,2
TEST_362,5
TEST_363,3
TEST_364,1
TEST_365,2
TEST_366,1
TEST_367,3
TEST_368,2
TEST_369,3
TEST_370,1
TEST_371,1
TEST_372,2
TEST_373,3
TEST_374,4
TEST_375,1
TEST_376,2
TEST_377,2
TEST_378,1
TEST_379,3
TEST_380,1
TEST_381,5
TEST_382,3
TEST_383,2
TEST_384,3
TEST_385,4
TEST_386,5
TEST_387,2
TEST_388,1
TEST_389,4
TEST_390,4
TEST_391,2
TEST_392,4
TEST_393,1
TEST_394,3
TEST_395,3
TEST_396,2
TEST_397,3
TEST_398,3
TEST_399,3
TEST_400,1
TEST_401,1
TEST_402,4
TEST_403,1
TEST_404,4
TEST_405,1
TEST_406,3
TEST_407,1
TEST_408,1
TEST_409,4
TEST_410,1
TEST_411,4
TEST_412,3
TEST_413,4
TEST_414,4
TEST_415,2
TEST_416,VLAN(Virtual LAN)은 물리적 네트워크를 논리적으로 분할하여 서로 다른 네트워크 세그먼트 간의 통신을 제한하고 보안을 강화하는 가상화 기술입니다. 이를 통해 브로드캐스트 도메인을 제한하여 네트워크 성능을 향상시키고 관리 효율성을 높일 수 있습니다. VLAN은 IP 주소 할당과 무관하게 논리적 그룹화를 가능하게 하여 유연한 네트워크 구성을 지원합니다.
TEST_417,4
TEST_418,1
TEST_419,1
TEST_420,5
TEST_421,4
TEST_422,5
TEST_423,3
TEST_424,2
TEST_425,4
TEST_426,1
TEST_427,2
TEST_428,1
TEST_429,2
TEST_430,3
TEST_431,4
TEST_432,3
TEST_433,3
TEST_434,2
TEST_435,1
TEST_436,4
TEST_437,3
TEST_438,3
TEST_439,3
TEST_440,5
TEST_441,2
TEST_442,5
TEST_443,3
TEST_444,미응답
TEST_445,4
TEST_446,2
TEST_447,4
TEST_448,2
TEST_449,1
TEST_450,4
TEST_451,4
TEST_452,3
TEST_453,2
TEST_454,2
TEST_455,4
TEST_456,3
TEST_457,4
TEST_458,"금융기관은 개인신용평점 하락 가능성과 관련하여 두 가지 주요 내용을 설명해야 합니다. 첫째, 해당 금융거래로 인해 개인신용평가회사가 개인신용평점을 산출할 때 신용정보주체에게 불이익이 발생할 수 있다는 사실을 알려야 합니다. 둘째, 금융거래로 인해 개인신용평점 또는 기업신용등급이 하락하고 금리가 상승하는 등의 불이익을 받을 수 있다는 사실을 설명해야 합니다."
TEST_459,3
TEST_460,2
TEST_461,4
TEST_462,2
TEST_463,2
TEST_464,1
TEST_465,4
TEST_466,4
TEST_467,4
TEST_468,3
TEST_469,4
TEST_470,5
TEST_471,"특수 계정에 대한 보안조치는 다음과 같은 인증 및 권한관리 측면의 조치를 포함합니다:

1. **계정 생성 및 관리 통제**
   - 특수 계정 생성 시 엄격한 승인 절차 수립
   - 계정 생성 및 삭제 권한을 별도로 분리하여 관리

2. **접근 권한 최소화**
   - 최소 권한 원칙(Principle of Least Privilege) 적용
   - 업무 수행에 필요한 최소한의 권한만 부여

3. **다중 인증 체계**
   - 중요 특수 계정에 대한 2단계 이상의 인증 적용
   - 관리자 계정의 경우 추가 인증 수단 도입

4. **접근 기록 모니터링**"
TEST_472,1
TEST_473,3
TEST_474,1
TEST_475,1
TEST_476,4
TEST_477,4
TEST_478,4
TEST_479,4
TEST_480,4
TEST_481,5
TEST_482,3
TEST_483,4
TEST_484,2
TEST_485,3
TEST_486,1
TEST_487,3
TEST_488,5
TEST_489,3
TEST_490,2
TEST_491,3
TEST_492,3
TEST_493,4
TEST_494,5
TEST_495,5
TEST_496,2
TEST_497,2
TEST_498,4
TEST_499,3
TEST_500,2
TEST_501,4
TEST_502,4
TEST_503,4
TEST_504,5
TEST_505,3
TEST_506,4
TEST_507,"전자금융데이터 보안에서 암호화 방식 선택 시 고려해야 할 주요 기준은 다음과 같습니다:

1. **보안 강도**: 데이터 기밀성을 보장할 수 있는 충분한 암호화 강도를 제공해야 합니다.

2. **성능 효율성**: 실시간 거래 처리가 필요한 환경에서 시스템 성능에 미치는 영향을 최소화해야 합니다.

3. **표준 및 규제 준수**: 금융감독원의 전자금융거래법 및 관련 규정을 준수하는 표준 암호화 알고리즘을 사용해야 합니다.

4. **키 관리 체계**: 안전한 키 생성, 저장, 배포, 폐기 등의 키 관리 프로세스가 확립되어 있어야 합니다.

5. **확장성**: 향후 거래량 증가나 서비스 확장에 대응할 수 있는 확장성"
TEST_508,3
TEST_509,3
TEST_510,5
TEST_511,4
TEST_512,3
TEST_513,4
TEST_514,1
